,y,x1,x2,x3
0,7,47.45959555590205,126.11903740047839,-182.39968966882282
1,6,9.519944321157098,160.16231557364864,-163.73957840729494
2,5,40.1901151392822,90.58076071715206,-181.2823729435651
3,7,46.93060983465388,67.05859988166105,-198.11707592407976
4,7,46.39781947050026,181.49542799662984,-174.5461359437976
5,7,1.1874039046755436,21.21502254022234,-162.7993779319591
6,8,13.347542398435463,45.221120897271014,-152.94659670684197
7,0,35.25272790183803,198.30290904871052,-196.66125854331534
8,0,4.452015228030959,87.50734527349135,-191.20766324780107
9,1,39.2750286795505,51.29949902695372,-158.72246162198212
10,8,27.952571024200505,124.72605381612838,-168.3634087461966
11,5,3.0418007482873657,106.27546526446754,-169.70246244579488
12,4,3.7662085639914133,179.39769161297772,-164.9829413492781
13,6,44.6004161642021,15.674775440280818,-195.0531252841333
14,4,37.819308867736964,54.10902966422928,-150.538819240006
15,6,20.495679480965002,109.79057526293087,-154.7026004268667
16,0,32.45594149935679,144.171154749325,-185.61509745715347
17,1,48.091500695775665,128.90093675059103,-153.4553899193403
18,6,25.31215443992091,167.02755822054425,-197.60839165211368
19,6,20.51299211164192,126.37574729627505,-199.11329831302487
20,6,13.919372487762683,95.52496968646385,-185.45055598768064
21,0,24.18767601273849,190.55701541394862,-186.65311254056084
22,3,48.32976932905949,28.97105816395975,-166.47299142975695
23,8,49.91500104601837,57.96016970569819,-172.13976485296735
24,8,16.590802212479556,31.454249418935,-166.77543555232336
25,0,16.99579873308606,19.312145463829356,-199.0305806324418
26,4,38.702133621276346,112.84936505636274,-156.45195156989234
27,9,21.25384027329925,131.57654713502015,-167.69178837402148
28,5,14.525279262210699,171.7042993270445,-173.40907640087292
29,6,12.239470192694156,106.69404268867073,-188.7977729605781
30,6,22.049014821907782,132.56770456196244,-193.11213823472846
31,3,4.162113569771952,1.7696048757793292,-163.4347955139896
32,9,44.821576844045644,86.07542554850929,-178.7925296515981
33,4,1.4351131156271624,5.35280785758272,-187.14309030725428
34,2,41.68204743611719,115.70988770799664,-171.23474947241507
35,3,11.15579000682957,176.73745664256174,-197.0441113287782
36,2,5.458628886604294,93.39784183169189,-179.42729022939605
37,6,37.95237656195151,55.24603546316336,-187.78902309727545
38,4,7.126745391070516,118.17016735331742,-159.10333458248016
39,2,30.609880857997997,194.13633145331187,-176.70125025670373
40,1,18.98400183915019,126.58206678521037,-175.98063843803124
41,0,49.11559407564219,97.42948420029445,-178.36409576888371
42,8,10.691211306122872,5.821082649866538,-190.5852154513501
43,5,39.754057608806505,122.00232760301397,-164.16925266284542
44,3,25.208654797581854,140.16026012258735,-181.675746658762
45,1,27.07404232697046,21.891360392316408,-196.2932378674342
46,5,11.727099642114219,90.16333897003021,-191.60599697108668
47,6,17.428796641196907,151.15360225317036,-183.98763739263214
48,3,0.24126008007248623,118.99179704989416,-181.56992661774692
49,8,41.721657313037056,25.208192605396352,-189.35790508524047
50,4,34.876468405182486,63.82746724871087,-182.03450678017504
51,5,34.244709222595,151.24224724003517,-177.85973556615215
52,2,39.57132522515598,35.23381180252911,-170.57742185067772
53,4,42.67370000824035,132.2004825631386,-167.0767371713049
54,5,11.719483914974733,61.076834305732405,-154.56862278650868
55,0,49.25114303502235,146.22888459908185,-181.48018797649365
56,4,29.04192224639305,117.60996778761572,-163.8163985010302
57,9,48.00347052928392,155.46771713808673,-172.3664815263962
58,9,16.675025218486496,172.13011450603835,-154.47936813297204
59,9,23.504242596913265,45.42934390895768,-198.20454980210104
60,1,49.211334701793625,184.54327023316793,-183.44844486638186
61,3,14.672781528878337,142.05197645417422,-158.31437306006796
62,7,14.958103613933565,14.495551207216284,-189.39779254788263
63,5,10.844822371258218,68.20701398323314,-152.51729643202793
64,7,38.59476701153758,188.1568603249358,-176.2632918139646
65,5,45.032769380741925,41.65167497344135,-180.5695492658685
66,2,24.259829137394945,150.05644386368797,-163.3309056602186
67,3,39.867870403583424,167.10008813783284,-165.5724071764637
68,0,2.4685837265151833,140.84046220298217,-163.18089899658023
69,0,31.583963866529242,183.79908635298364,-194.2919354265575
70,4,5.60487026734312,63.543676924166135,-170.11354809174543
71,7,11.057859728607278,109.0851636892803,-156.3035863806479
72,0,31.61745792199286,129.4897134301512,-169.3016724429868
73,3,9.73499458077226,140.80339718869305,-162.27042137197097
74,1,12.632980765085138,79.57925612438865,-190.15259297785076
75,5,16.74530660042578,134.78305297078577,-185.8148432322107
76,2,6.230064046067779,141.71763103311497,-153.5224455019836
77,0,36.374442686193234,33.68381396660154,-181.10328239306236
78,6,32.350999626442956,183.11795274717747,-166.27061493018704
79,9,36.12179894928633,138.65518276490144,-162.27773857163893
80,3,28.834612168136097,4.94271546730245,-190.79676321465132
81,6,39.902726766464895,53.06139632951052,-170.77485605565016
82,6,46.98550892965792,148.7615328967617,-162.30809713994466
83,8,26.240640950685663,127.18745463519979,-190.41781906109549
84,3,31.17853206813844,90.83493028561,-199.57465481142393
85,8,3.869061646995503,96.67042277373112,-153.30331929265165
86,3,26.791025385525245,151.40691723572704,-194.96706566642627
87,1,47.94903873214711,191.38920575451374,-180.535607587822
88,1,0.38554504175760673,47.91351158463741,-157.2786620787808
89,8,7.423852461300356,84.60210241526043,-177.99403642120933
90,3,22.29538171803918,184.86918453493104,-183.09129264830125
91,2,5.582150847135248,61.90421056254514,-158.33844977325532
92,2,22.49465757389335,83.32747424426526,-166.32428999511723
93,1,9.47667379817368,35.77174308632121,-187.05059295094196
94,7,13.27372330658641,149.84732758966365,-178.85440996422793
95,6,49.361312755516536,2.324333324117611,-167.7322618897546
96,5,23.262616964692096,91.27372878161066,-163.82959221124682
97,8,0.3519970173162412,142.79794995946946,-179.43237023965062
98,7,41.83055933357533,192.79848653517132,-155.34453341851574
99,3,9.839380859434444,196.74241804187332,-159.88928731377302
100,9,48.48694240550342,191.02654531611805,-198.5716606942939
101,9,18.344190061693933,182.09581234629024,-174.6906884767961
102,0,16.406459808479617,87.91379764696079,-163.32706684544084
103,1,47.713901711884034,122.97843371417562,-164.36421376026442
104,9,10.840485569955394,174.23293558421014,-173.5292947611048
105,5,14.58498964865082,26.873044322148942,-150.3170877881385
106,8,8.802650619206847,193.62913800046942,-199.36045801018471
107,9,15.786039435031462,183.83203992121022,-164.43474731010917
108,2,10.216120737937556,66.31762154385268,-196.8266520353169
109,4,48.67060156510956,172.44526769608402,-164.096094696436
110,1,42.650128911783916,50.172326978383296,-180.68300125836515
111,1,27.03663750221803,37.50870604532008,-159.04668554597075
112,4,31.088190458921304,154.09568250913142,-153.06903909356458
113,9,25.544534425884486,192.1960477382919,-167.91956899141036
114,9,48.29759369250762,159.16616725996502,-160.2797999967557
115,8,13.341070413488426,108.51608364416967,-187.7545009664414
116,3,34.87831489577119,13.072611876836081,-151.9382159944798
117,4,18.169940619417225,86.57103332940682,-190.1185461801986
118,4,1.8428111148525883,42.166313902875686,-183.5931599628698
119,7,41.8329091050181,20.859928348913726,-153.27707941978858
120,4,2.905798688287936,108.31399900604777,-153.84674731081242
121,6,11.991607163981953,14.413122758410424,-195.7826725821559
122,4,29.64959730985907,109.56404214779351,-184.8294905877226
123,8,34.80015780582685,184.85856012444344,-185.7006377532217
124,3,14.288950272491208,180.84237391225324,-166.08826620529987
125,6,33.72586555072087,6.885631385258906,-184.95350880604252
126,1,40.916950157979834,172.47264193729913,-157.8820549740318
127,5,8.940843828790735,93.71122040906583,-150.75355969993134
128,2,29.80974904170915,121.40344589572707,-186.98666157621426
129,2,45.01896409972604,21.686679548259736,-151.47975125148457
130,6,15.132472885852488,1.3726955591153445,-159.64249464585083
131,4,48.26808372104017,76.79366791463052,-159.7155963617103
132,9,2.220125873525791,67.48271687208072,-170.72994400484922
133,5,16.71285416364109,156.01124811733285,-159.59615128425412
134,2,48.43903558358402,15.743226264908895,-195.375719564245
135,3,13.804446909079415,94.3109736691651,-165.4087239434616
136,6,24.41853450277901,5.623771110945142,-164.09095007715635
137,4,19.721969737844507,194.14394852889285,-192.3295657104739
138,3,0.8045624542291407,142.4484971548695,-166.77318742238165
139,2,48.590866468664665,199.66305256478992,-158.87558833554388
140,3,46.43597533210694,151.19683098386759,-188.4114533659005
141,1,12.822143319445944,136.72380432809268,-170.18495240845246
142,4,10.116904956589035,38.38939434485127,-186.42999387553624
143,3,16.146177623726366,180.97339137798681,-174.70246397875255
144,9,39.893924396802625,99.40812188331259,-190.77081094103298
145,7,17.25045226088912,100.90279789785043,-176.29715771316762
146,3,39.39776055141943,170.4306915975424,-170.4741764795193
147,0,34.42193358349304,4.4386583058033,-150.43304413532502
148,6,20.18800971652437,3.719517076114709,-157.86913283797338
149,9,18.623186972317928,143.87223232798448,-190.41222375513436
150,2,43.20563914420022,79.97683998470238,-159.4217767356081
151,9,20.30801054821667,25.004982386429432,-153.6530785546836
152,7,2.737213335923583,68.9641879100954,-158.387631534026
153,3,14.809468016432776,146.51317355946054,-173.81026628940768
154,6,15.12002903977966,164.56196097534334,-194.82096566875185
155,7,34.768710031548416,177.2592878537145,-173.51542194105252
156,9,47.884191878140705,27.75520285790951,-159.55308598066534
157,3,30.053560729834505,111.90376822359,-160.50619098566818
158,6,37.18772732781844,97.26907728728351,-191.53084090351012
159,4,27.382846106297375,199.52761834870165,-159.76326484705038
160,7,19.765085466711657,9.728752884515735,-178.80107659723714
161,2,15.841236066155057,0.3266340103496468,-152.25063800167257
162,9,41.215542517213215,105.49748465012377,-190.83259758408008
163,7,49.30049956365616,22.90116780741713,-189.21540896526824
164,7,49.64888302560067,56.76701701986191,-155.21503281268738
165,9,49.253340901573075,172.27407949759984,-174.7409041973529
166,5,22.44977899223007,166.15733100342686,-181.28127400039756
167,5,43.36115385255212,197.7415453786953,-164.4880263886335
168,1,21.0882015881136,100.92546578669501,-183.62959384238948
169,0,42.86419124058586,48.89287373980513,-197.74600847739507
170,6,26.27825678579062,187.2940002814755,-199.7085408381469
171,9,48.837083909426504,148.80197719811449,-178.08764523479934
172,5,25.631155970153273,20.03777612697444,-187.09611777770687
173,5,39.55737325131441,102.68072133963724,-187.93239526702328
174,8,44.552545883158665,166.48822914806252,-155.62644083701213
175,5,39.61728625359416,7.844501793905678,-177.4452575573213
176,8,6.058399261983427,132.97650239993186,-180.1995459929779
177,1,31.98627170411546,155.4667294839959,-191.8695643771589
178,4,35.210165207929535,4.227802544557835,-150.68535586263215
179,4,1.260647856631708,150.09665321092166,-180.79936820077592
180,8,3.5383006938127237,20.669422061340057,-155.8291900170635
181,5,4.4313735046640765,85.80738758988034,-151.73974331228308
182,8,31.74746761342841,26.900625353229522,-162.70303918003134
183,0,11.230444943286777,98.27607474981177,-190.1815599200156
184,9,26.187346776866516,186.49266043180438,-152.49552111157007
185,7,34.090683996531,175.8449981880852,-199.54611981977064
186,0,7.727093269774388,191.68933204615251,-186.7689919631492
187,0,42.76154432103718,39.6022762567173,-151.9775704604439
188,5,17.76905403719857,108.20099726155551,-176.12982025766266
189,7,33.64073689048334,66.6222814904612,-183.9582486286498
190,8,17.93357997153387,104.22171324331784,-197.2879059409903
191,5,38.04394249677016,183.24714009147303,-173.4340541839466
192,1,35.80126645206003,35.97700999745823,-184.40177107103835
193,3,18.162049139780407,111.73535862616606,-161.40199732009285
194,4,24.86136381429564,174.50573920626704,-168.20889563871847
195,6,42.733128137231645,29.20342844427839,-159.4863577862174
196,2,45.13787057175091,145.35341442693877,-154.57492046839792
197,9,42.98856144340481,131.55343919425258,-172.72175122584113
198,2,44.707574363155295,162.51377836758775,-196.86249985606267
199,4,11.018295796795979,131.43734043720644,-156.58306423310958
200,9,29.782004524758797,59.77203045886903,-158.33849042550324
201,1,46.494069733694666,134.30012094717486,-177.089304262818
202,1,18.473774448341256,194.04491481043473,-166.12735645878897
203,7,15.601187127880323,153.86059116758184,-199.00325896470943
204,4,0.9234067132114332,35.99340879770898,-188.3401394582353
205,6,22.568799564125904,143.81726464753046,-190.08939619503687
206,9,17.661587809824177,191.4336427555366,-159.7027989509667
207,4,26.876379062694827,77.71805947995611,-178.38110747706293
208,6,27.18983646389213,70.4146026438311,-188.45424620448748
209,4,14.664162796426167,134.77860655853792,-198.56427448258717
210,5,34.52819926470347,123.52216731872228,-193.51763159694033
211,3,3.985868031874812,89.75520962745422,-192.39024653382094
212,2,11.868951384962761,164.1796322211547,-157.68542499262702
213,4,3.2011868837864443,48.95548415354114,-170.85698710283265
214,8,7.871338940133588,162.22363474855882,-157.1033364331912
215,4,44.15201643553782,105.19247736808808,-187.23124241810396
216,8,6.627476803287164,166.55902125649317,-188.35457617193993
217,4,20.32208533164775,19.142763814731122,-189.988764341015
218,0,44.15512661380039,5.059156293280864,-199.49687641769708
219,9,13.961684323374607,101.57765026209442,-154.305061590054
220,3,45.5419694564871,199.9730984420472,-171.99119979253888
221,8,2.2991407538589526,194.63224831955836,-152.09813164992153
222,9,12.104508470794384,96.96398615004273,-169.6292957758397
223,9,10.169160706124636,94.07390424039485,-183.6360129747772
224,4,48.80493714574976,139.0327559587124,-170.29375900120493
225,2,35.437566362484944,5.45949906573302,-172.85149642518692
226,1,9.463185510248046,197.36603685785252,-193.3508294233349
227,3,20.52654365723684,25.677525989804394,-157.11798768474821
228,3,40.49501531571414,11.001308395801178,-160.92114531293416
229,0,20.115274824541324,198.28122746487452,-157.6176784005518
230,4,35.943661640555966,66.16806400949868,-152.34116415645528
231,9,22.22179871379577,64.45296955467315,-184.57128418090835
232,9,33.827405875025875,7.872082959712623,-194.84132525482275
233,1,21.904492347320215,6.110493801895278,-173.0809465068172
234,2,29.286665714942746,175.66434596584253,-188.89713883067066
235,8,45.928827704503156,177.04793084209422,-151.13805586435817
236,7,36.96222745751174,97.6968589614653,-151.59686955959359
237,3,13.332096087345825,15.273036531448692,-150.97419932667302
238,7,8.175656039843432,111.50601492519843,-168.2531324523422
239,4,14.789993236291377,139.05949291493445,-171.11924823474777
240,1,48.79650930730017,72.64787053716542,-189.31577723397535
241,0,34.92938826923946,186.47995279400322,-160.638245590718
242,1,40.802490559110566,144.0599510923316,-164.26061571532696
243,4,14.054013686798516,112.19255668961256,-150.3492887370189
244,2,29.347162259929117,103.39437083494774,-176.2789247387178
245,2,24.794551395877047,29.585662922252443,-163.17158168725325
246,7,44.49604977447316,188.2688334533133,-157.40039365630614
247,5,5.721042067029019,46.89789010300367,-155.18869431600987
248,0,35.625067466926815,57.68277122999985,-194.1126493544414
249,6,11.296923358320882,133.4589154787171,-170.31644214247768
250,6,20.62193172340904,71.90592402147817,-187.84525011423187
251,8,36.970758467428475,187.15699718246964,-199.44232186456313
252,0,31.950253481053974,107.09140524025393,-189.48719981654887
253,4,35.35488109902625,29.573387146062014,-174.1138089091448
254,2,15.196534854429306,89.96679090762531,-152.20031347876605
255,4,1.4749403105622116,61.54452899431604,-162.5406089261539
256,9,1.6311882341494,195.22412752973744,-186.850687632289
257,4,40.15850515655694,119.25553977479125,-167.96841255003466
258,4,49.104236844610035,78.21625344846852,-177.48939033061774
259,5,37.08621287083647,81.25812570084628,-198.45379638871526
260,3,43.53134207105603,174.43718354075966,-178.25238329181633
261,8,20.94865576783853,45.368980242106005,-172.53871185556295
262,0,32.26390176150106,116.23079882717721,-193.4680077652444
263,1,39.2798292549431,137.5913324005757,-173.719695868582
264,0,4.920073099964855,81.03592925584908,-197.34981187284518
265,3,0.49137657618533725,56.88158525555369,-161.2365000029839
266,3,22.963899689406315,14.99791302412634,-178.5203919106378
267,6,39.040326345208776,111.99129384768875,-154.4851036555193
268,1,37.472518428272316,145.70593956739572,-185.1609372331035
269,2,47.334689410611,58.8205207705913,-182.5393496367773
270,9,7.202319829542464,157.74762764722527,-159.8958913232789
271,7,47.45454115475057,128.33542906533842,-158.351773237489
272,5,44.44042531089319,93.69602021925203,-161.5041717258714
273,2,39.84273699045329,113.43885230745296,-167.6605639408425
274,7,35.00740681747983,46.361105486966615,-179.81386803888665
275,7,18.74888942956708,118.874926007896,-186.12608460993587
276,6,21.0236977315698,117.80286609473707,-165.59355176271214
277,3,6.42732307057109,51.23791525854593,-160.84754976411926
278,7,31.53388683229953,75.68572147426151,-177.7384428586768
279,3,40.07148811395781,42.816547766540694,-197.19602098940734
280,6,23.616348423417733,29.783137297841055,-166.20318483219026
281,4,4.419467186024612,118.4767775716438,-162.16355113245925
282,9,29.785581373169595,49.78332153614431,-180.33548116112
283,0,18.60890052790305,177.34395534059487,-183.98937674860306
284,6,32.99060656255827,122.27214203169086,-188.3745371817716
285,1,46.38940551299401,167.78040018763966,-190.64328314434954
286,4,15.795741156998305,142.41011285018942,-191.64699653229604
287,0,34.842444762013805,139.45818704845135,-165.53902263149806
288,8,36.92560520628363,60.250843725727464,-188.2401924223541
289,8,21.239429554690247,19.991290567214335,-177.85075598909833
290,8,8.690376975229375,68.60999551400484,-155.22329838316074
291,8,9.00037492887164,189.7741611740424,-150.84063144633907
292,3,38.799419353468046,174.8305244879229,-175.70550174831365
293,2,18.90039645749043,32.93392437370291,-175.9685718000165
294,8,8.65826856440346,165.8027464777515,-161.7370888198658
295,1,16.04929166229293,119.43266634473815,-154.1993829013875
296,9,12.07935100163332,69.4849417517519,-180.2262109622462
297,0,26.415308508483214,176.34384463770414,-198.14862480322824
298,2,35.934314370256764,16.494333325367894,-164.62076482850546
299,6,13.651873419995276,2.9230063418819396,-157.1996732759382
300,1,27.702046559263742,96.01623332161378,-197.03125222820074
301,1,29.785407656340197,98.74354366731602,-173.9765683744382
302,4,4.002390993786692,84.48868125558387,-152.48793468223428
303,4,43.491073243850835,28.81870654867229,-153.08078765606226
304,0,10.898679046996246,47.85077589336313,-195.23708748669534
305,4,30.22804661167422,93.31478231200391,-161.3295773893302
306,3,9.41585956845249,195.94700198717015,-153.09303837976893
307,0,0.7339313416348525,13.629755965120438,-186.9487942938152
308,5,9.890749486684197,26.142258986979638,-156.92102255266153
309,2,6.157687421878605,59.896013564273055,-170.52795480594472
310,8,1.2863427682387019,2.466195715072317,-169.4527191520357
311,1,46.88670669754901,102.68482628413437,-154.14791830707915
312,8,41.83586561378858,137.03656690470734,-159.79110310736314
313,6,32.84876521979949,93.1460870058579,-166.6877282816508
314,1,24.604354842019355,128.02856721922424,-164.305202039785
315,3,12.386278091542785,14.741014764379546,-151.17540870316074
316,0,26.405746862857495,159.24411188310742,-190.8120866363196
317,3,3.7582458174788114,128.78683993814158,-159.07800298198165
318,8,40.26454346167242,104.91590553069258,-179.13660623327854
319,3,10.724166712590687,8.17261684908097,-192.37860638438505
320,1,13.021487627072537,99.20705724200441,-197.9253316821413
321,7,46.3743254279896,106.6611883879981,-179.32202229415458
322,9,26.716702411320885,56.354032746627716,-151.13050026995455
323,1,29.075977043843164,37.01261034013841,-164.7756275254382
324,4,40.51971923870713,19.57770197115898,-158.47487902267417
325,9,7.738951841306296,52.23743638230085,-187.82825902516828
326,4,1.152202181605827,2.290523800818467,-170.3080201788709
327,6,41.49651120449751,0.3025785420909699,-195.43194975112675
328,1,40.54652723106632,51.363777283408105,-153.79848953568947
329,7,46.03100162393679,106.23980672925883,-192.46288306080044
330,9,0.10420215345159911,136.9897823098233,-188.43700519474143
331,0,37.36690506536096,47.94055393869257,-197.1687798329753
332,4,12.115237094837417,158.10999511086914,-167.1412437407061
333,5,22.154262973620675,194.89806310779954,-190.20967581070244
334,0,4.385510691766087,180.48636763879784,-172.46843776206572
335,7,45.769512120571626,37.7276872630373,-172.1597301116105
336,4,31.570004528667006,22.92495071003753,-182.72815484338645
337,2,27.044285476070545,128.08177976513227,-165.42309597045724
338,9,0.06696453117036594,47.115848463310584,-175.52090779374137
339,7,34.75702831952983,125.05227624683862,-160.8734553344394
340,2,6.053426421877522,117.66324685282828,-183.5334749122732
341,0,2.094679262165189,100.80955190180012,-168.6730199305927
342,9,35.57002784456117,95.88354631533902,-184.57122415304607
343,3,42.43545766500607,4.07054558226887,-172.9910382556325
344,2,22.247016387010156,197.9475277514783,-199.8334965582613
345,8,19.318132340553344,66.48474506078333,-153.32010255304976
346,9,12.491894287530208,111.0927444602344,-190.9515443529658
347,6,12.661396858571383,96.8845199953025,-179.18010183961698
348,1,10.716155054617571,139.08277654210585,-163.44511503209623
349,2,25.26979695789605,153.46119317454955,-170.16297217623128
350,9,6.885352467531403,72.38700641745403,-154.37869401825995
351,3,49.46004175955004,122.60862285050187,-180.87145550831661
352,6,35.298942420758664,118.79602717671713,-155.32925999612908
353,2,27.94703486820395,187.8456703271269,-186.20092103121084
354,7,48.14716648130253,21.96924254589929,-158.48946271370852
355,2,29.81793617190005,134.27318885488538,-183.5073999493303
356,2,41.09898353903792,90.24450778305322,-188.36050977156842
357,5,22.273134540293764,145.48476838966312,-184.82622508212486
358,9,22.064770111468512,146.84875575014894,-163.66949870412776
359,5,36.308283247599796,87.05109321368103,-194.0582089359233
360,1,36.8493594863096,113.79046777554538,-166.57507555429888
361,7,8.680697065848408,75.2362716339842,-154.9170300985047
362,7,45.973202512933454,14.471840254665702,-156.48299660673692
363,0,14.840551882783693,199.47344132576396,-199.94351007686296
364,7,14.080153137856028,195.78157019491348,-193.0599486143309
365,3,42.95294888900149,141.0994707348648,-173.59119850753837
366,3,45.03740349185566,158.0916907771775,-158.30215777464366
367,9,11.900390493445157,81.8679638003988,-182.4179616657425
368,3,29.7710518470313,117.64561180311858,-178.74654312649076
369,0,20.10506231245052,181.06917706196296,-169.94978237759187
370,4,7.611640038872524,192.19250499666362,-194.32056319085046
371,8,21.419024991778855,71.38715796582775,-159.55551412329427
372,1,13.050640669464652,150.62530089522988,-154.29812454666822
373,3,4.735312738529212,151.75093933921016,-192.0926955921582
374,7,2.485066892399818,104.73158415721437,-186.65094805541605
375,8,48.28274673963494,44.47906142578182,-199.05564555284698
376,9,19.12772717915574,95.27951068361642,-162.43399230752098
377,0,2.8524008908952903,41.86100074482147,-179.22603444443897
378,3,4.527652030759599,142.09702338360646,-195.8680031796522
379,7,27.101369274082316,125.64143540301662,-156.01044161651564
380,4,3.3790500150395975,174.20820379607312,-150.0282067120898
381,2,15.640936046893172,19.384263572091175,-170.61798337992386
382,7,11.771900309694178,158.83843269475494,-183.83144027443387
383,2,22.27896335862045,17.317574867789574,-184.5207078670693
384,7,4.228510567160471,142.61018921740558,-189.6373322478724
385,6,17.749340809968444,17.821393918781723,-156.79913022903833
386,2,37.385424873747354,54.39075696866633,-165.84641969295907
387,9,30.66122333909607,108.61788652171478,-187.22721731181156
388,8,15.216899058734883,95.96769617604272,-192.71819730538925
389,4,27.105767137174258,1.0221633205705016,-174.49230400242618
390,4,36.51676938861611,134.7197509643534,-163.78437889201592
391,0,33.28480433786975,123.92788927601157,-172.23792031320033
392,5,4.212167089458207,75.1161939958201,-182.82042484616377
393,7,10.553950001429884,75.46004595637297,-197.47194150786365
394,7,4.063798557682302,71.83909077538775,-160.5816728855986
395,9,18.709455753040956,140.6296463784197,-192.1305517484392
396,9,0.6964860584851074,37.185777306051016,-152.413046453237
397,4,1.6859589694806387,131.78384385299506,-184.57566506019612
398,8,7.628261211552817,48.57504782392008,-169.18553015780196
399,5,4.228798935100847,49.506444728475806,-152.29282345593214
400,1,12.685434370497012,66.69262427929009,-185.52641541529343
401,3,6.5929579614453,23.21106483255393,-177.05433631662174
402,5,36.987577598952036,18.48073100813774,-172.90749622250914
403,1,39.18806578687145,155.85788100172394,-152.25532649167263
404,5,7.6906673138395165,171.25396575695035,-198.33338219605025
405,9,5.626997845523491,46.93358554953277,-186.93156771286024
406,2,5.763615812435857,157.29530412230983,-180.99715796539027
407,8,23.91193913638498,177.21064171486233,-157.93036858147173
408,6,12.938173416095555,95.09117431746823,-173.91052880953617
409,4,28.690291217964536,24.177250738676292,-169.01931089520806
410,4,25.335376387497888,115.03928883771029,-178.5724128596447
411,8,1.1403011976282684,66.59669206508786,-152.48353060130938
412,8,34.333722840497536,11.175066206849426,-166.35433083495883
413,9,42.22831293160495,144.38743627084037,-166.3357556782959
414,4,18.550462909736254,61.3206097143306,-151.82508473378192
415,3,10.930624581593202,115.56904798073624,-195.3688944937743
416,9,24.818099835691577,159.9878880050403,-154.22889501992148
417,7,17.073517497892542,102.15606813966644,-193.4090269125244
418,9,27.1434689382289,191.50930368044158,-180.6391227268002
419,0,20.94832273812494,32.88332920404295,-195.6562417394327
420,7,30.170731250855766,128.2055593366852,-154.096322431886
421,5,19.397338156050964,170.82762104160136,-199.49463457510052
422,0,46.075591520795314,189.30613316973086,-186.82170311489904
423,7,8.272840800299896,138.71049336217683,-154.3063241988076
424,5,47.17005077203683,168.2770659169699,-180.8265843137846
425,0,48.32963251939956,161.6664832085566,-176.1745790533272
426,9,37.30650950838012,66.7200169039989,-186.76281620421818
427,8,44.51688379911325,8.4469409957042,-182.0735975544476
428,1,22.584228952480995,62.882914280797266,-164.7564216177046
429,9,33.18690662375673,126.37978052285249,-193.7231751335937
430,2,33.09617063508451,130.00996364032383,-197.21095871212407
431,8,2.8611097995027093,112.9632039799181,-177.41518392293833
432,9,6.770703222487823,132.21952158084008,-195.79580147260566
433,7,36.56832465172517,176.7257242714848,-198.1994744910126
434,6,14.866304367853711,55.44129356788772,-151.05193839525265
435,0,47.71844920241157,35.116998846005856,-181.17768723867823
436,5,46.65795845852642,61.493562139898295,-173.08892184332097
437,3,16.927985186603284,50.706755594975526,-152.3410395743627
438,0,32.04634060280221,113.22670222081865,-192.01819368483714
439,5,38.767021413561764,23.149325034513723,-197.9609598410257
440,4,34.90399809033317,127.94458158507615,-165.460364642918
441,0,14.134195778354325,94.69498106730157,-160.16313325809278
442,3,47.5805402456716,145.28712477556144,-159.40107337768617
443,9,26.23351932343594,110.55508888837224,-162.12132235607294
444,9,49.54182607687988,34.08624009512853,-198.26298670958508
445,3,46.2215187607506,195.70288822242708,-192.5908159274629
446,6,25.39364098305541,193.98892918638222,-170.07763928237418
447,2,40.54218510925958,52.71483726446624,-178.11858785940595
448,8,3.8887683573665344,80.00046443630625,-170.29855380419784
449,5,27.46355749888083,16.64279801463424,-199.0835729360299
450,8,41.1049103569532,135.7676257018657,-150.9797142499565
451,5,44.674255222592,3.6524463626719017,-173.26508159747996
452,4,4.435247469809688,54.93470722530795,-162.56432291448763
453,3,29.18967058192219,86.2239657187055,-156.20385980337966
454,8,48.89931229897167,15.746281152689434,-151.07915050950845
455,5,24.39638126413512,88.4520688089924,-185.72473156872076
456,5,39.34729334119482,35.32947773102953,-162.27063741786316
457,5,21.352766580196565,163.49204728162448,-191.65551542663826
458,8,47.21125168256027,20.687734584256813,-151.12057884349505
459,3,28.303633559546636,99.75742533159347,-180.49866306632927
460,7,13.992603127946623,148.32832048537966,-154.04710075479298
461,2,37.86258939716433,188.40521197424042,-183.47477876075106
462,1,6.907976638145969,123.29704892582718,-186.46768808232792
463,6,42.93035703461051,62.3786945146894,-187.35882074225782
464,1,26.27485709928236,104.64798444107805,-198.82113763835162
465,0,41.0973524960812,39.24895583273662,-159.9239878816531
466,3,2.667358116678975,3.3674098790571483,-159.16410808781777
467,0,24.592621968790223,193.6980848759299,-160.7143814550937
468,8,3.348320478230571,178.94424885165915,-174.40781180578782
469,7,11.342727666450159,147.72378701593246,-165.0613101887319
470,4,21.19948132098093,165.6954920387352,-183.1409889546648
471,9,29.300453900186906,162.1204114857858,-170.31296937204576
472,4,2.975131428385197,13.48929072886953,-154.5050393757051
473,7,37.53888080008058,73.01578564526667,-170.02632030609732
474,3,40.31014826087949,1.4831876654270104,-186.42369817525588
475,0,29.39850666521364,146.9383072091115,-186.7881573949835
476,4,40.631385265141,66.51919962698243,-192.72571582001183
477,7,32.21522936566916,48.18154346872747,-184.1996585374336
478,6,10.204742288544727,124.16467157737891,-183.26277449190425
479,4,29.376874823270178,0.6932730465803782,-195.28232474510602
480,5,23.142281711580114,8.54420026641909,-179.70090785179872
481,5,3.2074163586565563,3.068410437686331,-199.72436134747176
482,1,3.1691966428706086,192.98464522276555,-195.78852998692332
483,2,9.171449865191782,55.51583825548163,-162.7797500326512
484,3,22.293978786959396,124.71882946639208,-199.78701584527354
485,1,8.927377890373728,194.66161469180983,-192.11004118956936
486,6,27.58099672025412,167.79875660409996,-153.4971501820145
487,9,2.5832832856190704,114.35641542028011,-183.80825914700486
488,0,47.39331711175583,193.41109759016408,-151.40894921621003
489,1,27.720835644965426,58.416576185565305,-171.64759620986376
490,7,4.406786193218876,52.607051527698204,-160.58012552556588
491,9,18.16515556982077,162.44610400887734,-184.6743121951749
492,5,5.798744086821072,27.115143713201896,-162.51605218720962
493,4,31.67936305528744,72.4807495630588,-162.94139383588862
494,2,12.003133427816465,105.30057242199113,-151.1745006805456
495,7,49.245583735645454,3.0986679753704394,-179.73665288855736
496,0,12.12503896380641,1.7093223283083825,-157.52797090814454
497,0,9.584612229821165,3.748528296666964,-199.75013408933407
498,2,34.720608568964956,38.076434615861764,-193.02122877177763
499,6,22.4474996753217,103.47488572580848,-155.98246309908689
500,1,31.202486853493827,92.63545840128198,-194.17051639516336
501,9,47.397193006172905,198.92982584340874,-160.26157645186393
502,0,37.43251707315005,9.20297469417688,-164.0166595404079
503,4,22.765021369723197,128.49864526926513,-194.45035123590603
504,7,49.63935098496033,17.02026155309939,-191.17640212953984
505,3,24.121307310077317,117.00354163857449,-182.8420452556929
506,3,8.706880395447014,41.269956833185105,-160.20810860062437
507,0,33.418670699269704,81.49247279082739,-163.20039522694802
508,7,4.32451766482132,68.31929545296119,-158.90547366768666
509,0,39.049532502876836,132.24015711807658,-192.81899978272975
510,8,42.66695890874528,2.3321367769766344,-152.09604533011515
511,5,47.97109222490914,103.22980012974467,-156.50941920002344
512,8,21.073404627471632,190.43079376249142,-152.75984976007103
513,1,22.041784791352427,168.68696605545438,-180.2425695443842
514,1,19.403489138152423,168.81974933590882,-151.65904299749891
515,2,12.747089641250502,144.17154728666785,-151.7977117177208
516,4,40.158601606798136,1.5420243237177278,-151.80944971696147
517,7,40.438977526302224,51.3896537678175,-158.6900008042175
518,6,42.84273816265773,47.32707277508148,-172.5907471111349
519,0,17.798731186014145,70.87735078601156,-193.64023355421347
520,0,22.486020931481377,95.09450246080303,-173.06493971643903
521,3,3.9849140498879,193.86511325661033,-163.6482589411017
522,7,42.82920320843665,4.867411904818808,-168.4297382992511
523,6,36.71099090823755,105.6398197893151,-151.20785353377403
524,9,44.05832059868126,8.256083390997349,-193.40766445450126
525,7,34.440970031533446,147.9433892311589,-183.73467255048266
526,0,26.6680969295174,168.10138627779088,-164.85401802033493
527,9,16.340322790261247,77.38243066995987,-171.33427473487257
528,0,44.41440810956741,59.14563576987797,-164.79339666239215
529,5,33.161071469330885,128.07694652759852,-166.34008928315734
530,1,21.28233240605144,87.95041017136032,-176.15583648786264
531,4,8.39821601516465,42.53033651576759,-151.0759196947578
532,0,15.70938847525487,27.171640681632468,-191.92330715980373
533,2,0.8165424227306206,72.16036189467083,-153.4283112144467
534,9,28.409042215436813,73.36181678764623,-169.81223159259628
535,7,33.321893706888424,9.558645560531609,-166.6702684148073
536,2,20.21080713692685,43.40476585969411,-193.58283849565194
537,9,14.575391997735132,113.87050938111815,-198.38615060380798
538,1,17.79207268242926,179.00968094554452,-157.59311257318106
539,4,42.90709262530629,41.57386208835418,-168.53459234853975
540,0,30.527233731392055,56.63526174852915,-186.09631226804225
541,1,22.130544042487333,170.42310753159973,-191.9875500511239
542,3,14.249419789406554,26.071966888115263,-170.9891786111613
543,4,9.617781901089273,117.98724004548443,-168.4610962833045
544,2,24.960356024070663,95.45126665066435,-167.3794359441293
545,3,12.765682516262522,80.51406688462374,-189.16765318192668
546,0,42.47367192057442,177.07087818209436,-168.91105389385484
547,1,16.511567432213113,2.4332666087685473,-171.2730592776865
548,7,26.240949219289295,175.94266210458605,-196.06777963839713
549,4,23.038258821575113,160.710578644746,-161.7240315173728
550,5,7.980346182586695,58.20491838070632,-157.85742746892905
551,4,3.661401098917599,149.4205441404864,-158.64188533087562
552,6,18.100729438056582,18.896475779114375,-181.27837292427174
553,2,25.245293300879744,113.98721531274892,-151.11621973215492
554,3,28.34255764012005,185.04741319292802,-173.73031536073017
555,5,46.13005203323607,132.02797118765577,-150.478089286475
556,0,14.29505039021246,68.61572373918688,-162.53395698374803
557,0,46.22728574239837,9.969580388754062,-157.66794097087194
558,2,23.992319013457262,177.9409210838966,-172.98571673444917
559,6,10.437080193656294,156.65786723294372,-186.90197215005531
560,9,13.13630734348859,75.21751136378514,-170.52820067258364
561,7,29.155196313655008,151.71231496017842,-186.55810280913664
562,8,13.172072158945824,22.04650460724169,-182.20396398941625
563,1,14.161746846293566,128.32136028384016,-163.85980881639148
564,6,33.058942204681415,149.72429887031123,-150.0052290373823
565,9,40.39899760455754,132.5829693926263,-182.43573241942073
566,9,46.94328341779582,171.16689212665713,-153.0011774773249
567,1,4.665986237909453,148.18782418401673,-176.8382545333014
568,4,4.937213030388598,110.70521367613463,-175.90439895522064
569,9,45.44822356873033,85.65279987070558,-187.11468953336725
570,6,10.097422712773014,139.00934177509504,-151.81281936896315
571,6,29.841494745780583,74.44261517612256,-178.81348767832384
572,2,28.009172173290708,6.951748130367208,-177.19138651332185
573,4,2.715421355215819,79.20657661905175,-182.0789730235922
574,3,21.162692647108834,130.20131878285628,-186.87130521974117
575,8,19.804888270812533,57.86722570838507,-160.9575166035208
576,9,13.555492873369502,136.74710239639714,-160.4234043335608
577,5,12.673951357732449,37.8997968998543,-190.83825558038012
578,9,43.567824843436725,143.78377548291417,-198.25618293353352
579,7,47.55895705002744,167.77647562756079,-195.5660269363088
580,7,17.488309008020202,176.44002165368684,-186.31612175189352
581,1,27.663005715485546,0.8891413023274675,-158.78106374362005
582,1,33.86897332212375,7.082532788767848,-150.17634706813632
583,2,26.220112422088487,184.85439893068258,-195.52772196706053
584,1,20.981672599294104,43.37118431491125,-180.31050703636504
585,1,43.94571419196581,164.77455171964917,-186.00991130621773
586,9,4.3312088339209796,108.83908043133192,-184.24858027389251
587,5,38.26825456470353,106.20680043496758,-166.83417295010264
588,5,28.147510988585328,36.269482034956255,-182.5324373567422
589,3,32.02817524836134,126.4773887159337,-158.12742381537873
590,3,18.626103142066736,17.416538317783715,-154.13159694486683
591,3,30.2634837253266,86.6283822974146,-177.1110168666198
592,1,48.025756138147294,177.16183875962724,-152.4123801544618
593,7,24.309342968890054,130.97413028902804,-166.88423033739812
594,6,30.592773372734843,127.46829281145511,-169.1507228119276
595,0,43.061772761866855,51.38823061062081,-172.28536433159957
596,8,30.73323975644826,6.92751011577224,-157.99945987913978
597,9,3.063953576516787,107.80415840777442,-161.97555859445268
598,0,7.583966109154328,83.26288632832255,-164.90878080592992
599,6,37.93518399166149,177.5208717495875,-153.09452048349073
600,1,22.241197242179535,194.93155513609796,-185.40508013353488
601,6,45.68463854426631,114.95456657269303,-158.26655181349167
602,7,5.647610631960475,87.68337887503162,-196.8096312721572
603,0,37.387926831224654,164.32418558732286,-186.2914358472419
604,6,18.788213332674818,87.12050416083888,-157.21609952445442
605,6,7.790225878639373,83.93409528499951,-155.20838613411564
606,4,42.700919971179076,118.02538523546858,-191.6525134934917
607,7,14.808550714018503,144.17599331847612,-163.68603336395026
608,8,31.604438132813833,99.08964654209448,-197.33944180415995
609,6,44.40276639571975,199.3181792464352,-180.11277434863516
610,0,18.715223880223235,59.1736458022027,-158.431285396319
611,0,24.59442448026914,42.90850179141148,-195.52536397602702
612,1,37.05245402668069,8.651509974193928,-174.35106301979025
613,8,19.07757914893074,50.1492205702113,-152.13676078789726
614,0,37.328752112110216,151.49390512978417,-166.96555018095688
615,6,18.866886649772468,9.879567919299603,-184.5452324364168
616,2,46.00918121062882,180.2962980784989,-192.6379425801278
617,3,43.8602323147246,190.3806005081543,-192.73065656931584
618,1,28.735445680573267,96.64211469097876,-199.4600602689052
619,0,43.1317137559498,197.6256305468917,-158.71956187187158
620,7,21.486030149343105,32.56636355251599,-168.16118938427246
621,2,17.740005819156295,36.25166103505706,-159.94118036099704
622,8,32.024536991166,88.08813272380915,-162.65245000222046
623,0,21.54820172743389,22.2105420276963,-165.49857490771126
624,9,39.98589710285672,159.6017162831679,-188.13293720133908
625,1,18.4752539644149,157.4732241274567,-177.373381817558
626,9,23.18660609486896,0.8224208476308892,-195.50512597762796
627,3,23.72072799644079,145.18014557887525,-156.2165901838382
628,8,41.11668893564914,34.73961264695167,-191.99336748831414
629,4,26.2900624292568,106.9701212997299,-181.51426237900097
630,1,29.644839168405678,174.57943244898408,-159.5413333040147
631,4,32.5545351716191,129.87746678771126,-174.8263472051287
632,2,41.51797793805294,17.02292523495188,-164.34869625180121
633,5,10.515603274521379,175.34139524522055,-194.30805612850085
634,7,15.560658132600219,171.11250827072513,-169.1429528186626
635,4,44.10758416216919,112.11938616920011,-152.46179997660317
636,0,18.703041139025324,102.66960026106075,-188.46067092560216
637,2,15.711088677377871,25.602465735037462,-159.7150497736658
638,5,45.69160384396089,54.05872855020179,-163.59626883451114
639,9,48.8206999507989,124.96787850349503,-188.52343034305642
640,3,20.064554094938803,101.25390091048826,-191.67123582661978
641,3,39.81629662922976,142.5265931884883,-167.64439316283807
642,1,44.703218827046456,34.88525760340535,-158.45592624484522
643,9,31.2619771471842,159.56412598731063,-164.71151422886757
644,2,2.759944019397537,140.77215866378594,-160.19719460310068
645,8,9.90808059497978,195.26173925367644,-165.99044940970586
646,2,12.604379550977734,155.80083791230007,-164.73051084653153
647,2,6.1890888673453155,88.58794258131357,-151.63148132020717
648,9,18.018375544590338,38.5670944877599,-197.52708264424993
649,4,19.397130643217046,66.6226525260627,-191.06322066268717
650,5,12.408135316085728,125.25224628236747,-184.21468234388846
651,0,6.725793418741039,1.6752844812710777,-189.5696947848969
652,6,16.090593758489092,24.03797341790923,-196.60657953923408
653,8,17.99206620723246,140.81763777879254,-192.5572185434933
654,0,13.67804405471485,108.54391213821792,-173.57946136741725
655,6,23.75675744561757,167.77736104505215,-158.07464741206206
656,2,0.3084923103767012,68.84168059245243,-152.82326909572825
657,1,49.066162363733305,131.4127790820195,-172.083842865273
658,3,31.52522008275961,197.12149921910512,-197.73913836836329
659,7,32.25185838219001,3.398550741646722,-169.16220082077638
660,1,37.940756355845416,167.95771484342723,-179.31004912419272
661,0,27.466755331318222,140.02434123463803,-181.49674844383185
662,0,4.916604991934048,91.19194455220459,-182.47561423359085
663,8,44.146138118920305,96.33687598253977,-158.24317606534146
664,0,15.096607973845998,16.750063882698065,-160.12178646466882
665,7,8.900622101362277,53.84835132121475,-158.9430928096284
666,2,27.425524879636647,162.2279507649344,-191.13227421590267
667,0,7.657917098570372,185.45074483162477,-189.26707427447081
668,3,19.849772314108797,134.16299359316622,-199.20794058693787
669,8,0.9802014104749068,124.83705155535255,-179.60652687441586
670,5,28.337916540391422,146.91771296056962,-196.78647929546216
671,1,47.06265028993145,8.506683178503671,-154.79419866973086
672,4,40.56389309199234,26.069179481525584,-163.8115997036664
673,1,36.25640795958234,137.23800288450482,-151.34495356826437
674,8,15.576975248054215,88.25150521516368,-158.35385995074293
675,2,38.43811311742688,104.46539740741756,-154.49392298967527
676,5,12.633894592087518,72.9706613293959,-194.09435377411953
677,4,13.990261254474568,18.154316105806934,-160.44754677484772
678,8,13.333906261939015,149.4228825000612,-181.08076864879857
679,3,12.516942548007664,198.57786401062515,-196.8738797241223
680,6,37.89114306405191,44.033610387549004,-172.53219664228467
681,3,3.322386728582749,179.10904398597873,-194.98881518703732
682,9,30.585800430273068,37.63263538738926,-186.9589765521232
683,8,26.21827733505709,55.35215125672048,-158.78322643162704
684,2,16.874768325415303,182.17465839566506,-173.42517129824952
685,8,44.2084036303798,1.383269331301351,-159.89236920832263
686,1,4.312657418759569,141.61147880175,-153.01677524952277
687,1,3.687728843869864,33.53003207270915,-157.50416743575013
688,2,39.76200027792933,29.672688005880477,-154.2351664414436
689,1,48.59744322493151,2.383602973599852,-181.2353583790773
690,8,7.24236944452501,6.0723737017360335,-174.97323768179322
691,9,6.497349789856111,120.48163065750575,-173.61455979019473
692,6,36.40931959444404,154.42471035595608,-169.02915027579817
693,5,45.44166012070793,93.29704769096206,-197.50467929328872
694,3,39.81082949972274,199.1871001673379,-160.4923145671672
695,8,14.481806476123243,108.82022029939833,-196.87657513789637
696,9,49.54222850242929,139.53387315126514,-177.75678694212388
697,0,32.38862505479367,63.38896458022973,-166.41837797960977
698,5,14.889534869851367,85.60658610084238,-154.33423335475194
699,3,39.693145998292,132.4526574671036,-179.32695423668662
700,6,39.224490259919826,94.46250339824147,-180.71423722638204
701,1,24.38671104896526,13.459016965035309,-151.1425892214894
702,6,48.31371618526071,110.85910161680168,-161.6663678526742
703,3,14.86582456068245,148.1133300767755,-167.5046542876996
704,6,0.9933698488766518,136.7348659320997,-183.58478991599975
705,0,32.72138159169092,72.55608328096051,-152.6864583238331
706,4,19.538223983448717,121.5865557326811,-174.77393105191373
707,7,46.19404258055715,26.210499649816256,-173.9889361835361
708,6,24.60448618583822,71.01672026718416,-170.238733078533
709,3,36.87398769022223,132.21476499004936,-152.5216128969073
710,1,11.481759573929672,8.42435115221749,-161.70095873173165
711,5,11.783741693094141,80.39830632023914,-155.6207728725446
712,2,39.75208513382968,67.7050660527768,-154.2590646178577
713,9,16.716598807072884,6.4851080681757045,-154.666644758878
714,6,29.521530922211525,118.65839433094445,-167.30492592192988
715,3,22.06335133432318,159.13496044025274,-156.19155734990215
716,7,29.005859145191753,165.4408775860396,-195.28852025046882
717,7,33.55006406472194,158.069186399208,-166.27424812125858
718,4,3.2259120236260097,153.12482758014693,-199.14831376390958
719,8,6.925884574099794,12.820088828166721,-162.47539951296588
720,0,28.801630570771657,108.16286416341212,-162.88840631640772
721,5,36.75557213615497,116.0909193287257,-152.2821928218197
722,8,43.470403523308526,95.6633400645541,-170.03320236042535
723,3,13.025785709081788,159.23697137060216,-175.9086251649637
724,0,4.721624276676001,75.150582667033,-164.57087197127763
725,2,21.796280742153527,162.51136142820917,-176.6304008516865
726,7,41.71842367645361,122.76031827496364,-173.39261291641222
727,5,6.45480070313707,113.03728384540928,-165.17574922589546
728,8,23.39360103945124,122.52936475035987,-166.3746710922404
729,5,32.7908534985702,170.87200252342694,-197.78545072520035
730,7,25.767659092776363,160.99700809547429,-188.21823385935892
731,9,31.473413026573326,90.44147936575942,-198.5355322328308
732,9,45.96866636598893,82.76595854797664,-181.94376254741593
733,3,47.88451298676751,199.91226063330143,-184.82921323268528
734,0,3.721960072138203,83.38029005945327,-168.17023307285874
735,8,37.827982853874076,5.945090459336155,-195.4109167955574
736,1,45.36009569690691,14.397170086963618,-184.73501833369568
737,7,22.4015689154086,77.52106956164893,-174.3286714352107
738,6,38.128039952038115,138.68608432733134,-180.07694356255706
739,5,2.458143274301172,111.99339813698488,-172.73164884639883
740,9,31.907673349600742,83.71686972226387,-163.41880434613017
741,4,37.46160185191128,157.45109190811792,-168.90105777687964
742,2,26.466274609220914,144.14406876901623,-165.66915864471363
743,0,42.592452961137255,81.93820951474886,-182.6495846548988
744,3,22.080190218706953,35.539842262354384,-176.10292729393979
745,8,13.116971521301013,127.68017903959496,-181.5694929657567
746,5,40.8207500844397,46.41959123733914,-176.74589988760152
747,4,29.176836070445106,66.18607270253956,-158.3149335234611
748,7,45.492490298433964,40.50845336852649,-182.32467064367793
749,6,26.959187545081125,8.131718434877966,-187.01033465522002
750,1,4.963948146504659,15.67304614559426,-161.09285355383395
751,2,3.247029532677076,70.2827838847726,-150.10032855035348
752,1,36.80552693427466,118.9105510330958,-169.42543460079412
753,3,21.593548783838806,50.910807529424694,-195.98279116574804
754,1,41.05862658167898,32.16966646885577,-195.62035915940595
755,7,25.12297645842266,35.63293353416235,-169.55999166485674
756,4,31.18402319089278,39.44802600331037,-157.0639519053657
757,2,11.182882058802635,192.85219741545524,-193.2292884813957
758,0,44.58026002197929,142.1898458727598,-189.7740266314058
759,5,13.888504356222043,181.51932358047458,-165.71553943155544
760,7,4.1917414936095465,76.36578248460411,-154.239765979146
761,1,29.61248620276249,59.74666846183314,-162.19832910234317
762,3,45.06255883952706,24.13268169858933,-192.61174785637775
763,7,13.189145304126576,179.82318922005908,-163.68183850031215
764,9,49.02781321945094,33.31101382240502,-181.80767263739406
765,7,30.306137622602442,187.0343505916909,-158.684502438044
766,9,1.5873407415205987,70.86757912682977,-164.87584093318554
767,1,30.98380713568943,109.10604252483378,-196.91758070992574
768,1,26.64998607124396,141.1814247015429,-170.32634078051356
769,7,49.99757850914871,122.2061385563231,-160.0207997320763
770,4,9.247272163444814,8.478327873746071,-174.94201808312474
771,2,0.595624203817452,99.90790667167886,-187.8925871725574
772,5,4.690637760232192,12.437805632706024,-154.0613740546909
773,7,4.088540675432051,179.1968378379104,-195.08884801567626
774,2,23.40630153667868,94.22596682539697,-180.96950723619045
775,1,23.23862357175096,11.757111391111309,-151.9004999865132
776,7,24.220794217909358,179.8809649931968,-194.26177704354947
777,6,23.988659010030116,183.39845891686437,-195.91567663043597
778,6,10.954682158022072,23.595218524058946,-159.0011205845021
779,6,8.075424740218724,90.23929677375125,-156.64152609637847
780,7,9.246534341847717,77.15184605441523,-160.93543957328214
781,9,8.835384622909986,115.67479220042864,-167.9288140447155
782,9,12.978119639456049,4.4717035487648715,-171.049794627346
783,0,36.84208025267562,160.29761423866,-183.48107729371375
784,3,32.968796137489356,100.45602090535799,-158.23880862127498
785,8,2.6542020113408116,50.90975292623045,-191.13072197745282
786,5,0.34528672755257395,151.25491094322376,-156.10556729548284
787,7,36.43381281749983,158.6515525896332,-185.66033449401206
788,5,20.56350605814274,87.40324989115787,-169.57449060384664
789,0,15.297797476315129,51.88136682308493,-172.12338808168917
790,7,10.368822566339686,135.4847743214853,-178.96039695458677
791,8,46.83947647208883,180.81560094277677,-190.69911903604182
792,3,29.518613744215727,133.7167900890926,-188.17191693194673
793,4,32.31629797203842,173.53867080920304,-164.59136985528139
794,5,15.954889231857678,168.09066705426514,-168.25329120504242
795,4,7.243988749249058,41.718746995791655,-181.25908550210164
796,3,35.35564506322476,28.007144419031583,-163.02246151717966
797,3,40.899236891594995,162.69802490783115,-182.6180888668704
798,7,20.636084988617842,44.18525025853306,-173.955145244676
799,7,39.81962030444428,70.37522867112851,-175.47796139886543
800,3,22.34530646888474,124.46304910950931,-162.53265362829492
801,0,24.00259466479443,147.94572100491433,-150.27971690575345
802,5,24.405042551715265,38.87431294111627,-193.0251478160926
803,8,16.97026713339835,135.6711840368278,-152.14298240623677
804,9,14.783144847550583,136.82093227481712,-189.91655102300905
805,6,15.646260956282958,25.90061382247746,-150.00976525667178
806,2,32.484662419064,190.3212956423333,-151.23208896649365
807,5,46.31785745788961,53.912680405852775,-178.4336582519578
808,9,49.01330356777896,56.29015456900311,-183.0797700078134
809,6,16.653099172990753,189.8928580122137,-191.97510962469332
810,0,33.94025382094569,164.5215588842447,-176.11503342424948
811,6,5.9597320983743876,113.00089643200944,-199.78737022640317
812,2,45.67981164022167,188.5146298720563,-166.84574275978764
813,2,47.979218070447544,154.11445898419132,-179.33036255438154
814,3,0.9392764140022769,198.61636597435123,-168.98309378360946
815,2,27.0015720012177,131.53024140701731,-183.6943389610065
816,9,24.90777837573036,38.020707290541765,-171.35877069431018
817,3,7.1714687463539315,107.01126484983463,-166.1505683314434
818,0,11.907087541569034,88.69603818247107,-150.1686266715718
819,7,4.442886084022807,50.8660149666172,-162.41348790716864
820,5,2.168859185458605,195.84068946698486,-156.6619388977931
821,3,18.406844243975577,49.860435989142914,-163.52819832448523
822,4,44.47708869745498,127.50171907388807,-152.18075767911748
823,4,32.39792956488032,108.10081328187718,-173.81642225548762
824,1,8.171119860229314,78.68270084516426,-164.51010083211858
825,2,8.331911498855431,119.54903933439718,-194.08257974719623
826,7,26.531851925226075,29.253286242341225,-191.7252676383998
827,9,2.173001398458496,57.88805606442358,-153.75209110887198
828,1,11.493592043940442,84.47856301729477,-172.1589740413879
829,6,25.972366432908068,116.83204616262766,-169.4810477706671
830,1,34.6636742479895,190.55345254121136,-186.42441839184937
831,8,36.922246964155526,194.82832712878871,-156.27442143282508
832,5,7.0155553327214735,64.97731860494827,-175.28893476494667
833,9,34.226862157101806,4.250366442715459,-151.8890746780393
834,7,32.45480396052696,167.99157462048967,-164.52451142806456
835,6,36.81065944273787,96.37677550984954,-165.45166496032584
836,7,6.088498463092113,16.333047302588533,-153.70910948801313
837,2,35.69286958395615,130.77890030004502,-176.81143627758527
838,3,6.993704781422699,32.19716671963149,-165.4780877510168
839,4,32.61079257518152,44.430327791020964,-181.07107056228432
840,3,34.63461209076743,109.38861772660357,-192.36748327360638
841,8,47.04004879278688,86.41133980347139,-179.491199250342
842,6,8.403626375656653,19.37788103815461,-194.58213645163585
843,5,9.633037345306494,108.14506287077367,-175.25677017257888
844,9,25.243438839091937,6.360720351012472,-171.1124257336364
845,3,17.112589914329305,128.68154633517375,-160.6968937416904
846,0,48.328143806286114,195.71678336147016,-190.86084454795386
847,4,33.17044124317034,185.79681827131077,-153.77181484032403
848,1,26.25993410570472,149.35575507273853,-169.36556587908314
849,3,22.121716514433448,111.74975833769669,-183.281065375053
850,5,21.420368141587854,18.84122530646286,-181.74970619502776
851,7,32.45198931512365,10.755455915853851,-165.85940680770653
852,7,5.42575930963759,29.958593807188528,-179.21889120000398
853,0,43.57592967820566,170.95551316955402,-157.72937138860635
854,8,40.06532417351218,15.167073039525114,-199.4862800184168
855,2,28.875343739422515,166.0328725092678,-186.71236082538815
856,4,1.7493728958701382,124.51236339229186,-152.37611395048253
857,5,27.552980409983547,172.48022031611825,-179.02889575914415
858,6,3.2117578671438105,82.4211773335453,-165.5341894901372
859,3,36.078581523383136,164.35154515994145,-197.62630673243967
860,2,19.480293327190946,128.04473663279015,-189.0201414192726
861,8,1.5166180354665382,32.05743066247797,-180.52779558621808
862,4,30.665422381154496,75.20271763388794,-196.7233066389075
863,8,23.24682588693098,65.66061651803834,-192.53760162259317
864,4,32.621061381599986,73.45586607072612,-182.65462693500953
865,2,9.849078857064397,25.91950668443492,-162.76907390685858
866,8,36.65956102996354,90.63595016978212,-186.49454651542788
867,7,17.70717494240391,101.06114233169473,-172.03181490074792
868,1,15.463127474029669,166.5747431214806,-172.40363001956482
869,2,28.700836147465917,100.80226433229495,-184.04475982698372
870,8,30.441162723742128,2.634250906660407,-186.33156440590918
871,4,30.853960065482234,179.27375773252544,-189.48268009312713
872,2,13.801098056867056,96.56094235328241,-172.4048304497484
873,3,29.699026006221136,129.42846584216724,-171.69801201784517
874,6,48.16825473094015,100.06940878183923,-191.26368460453497
875,6,44.074692786836664,53.29456414807554,-172.24886374782164
876,6,19.26760864174521,21.236754460021956,-193.17006622968483
877,4,14.189380924709116,26.07526555568702,-193.72165826532424
878,3,7.880316410297028,136.81399273843067,-160.07424011426554
879,2,30.65623351060582,61.58082647060941,-178.5787578629109
880,5,35.98480874072301,186.36293846604215,-196.52297027413687
881,2,10.54622100458708,77.28720809850054,-153.48459251897805
882,6,39.490425301380974,0.9477985178101722,-186.6942214619397
883,0,43.794919861738634,18.674283704222727,-171.1744824182039
884,4,39.72545435681036,51.35522751872901,-169.84226950577332
885,3,19.399620276345875,75.81495499046194,-183.20986658190856
886,7,45.167426182527784,102.28169209856462,-182.59028036925423
887,8,44.829082347945956,42.00338458105959,-175.79593470210327
888,0,11.285842505209736,152.4368934353491,-154.83120513801586
889,4,30.58564073430873,12.344011837142066,-167.39038069528962
890,0,18.666627617921925,144.9526703906057,-174.34687347675955
891,6,26.49821226210282,132.7030519872989,-179.58166766497303
892,4,20.085735570119144,50.6137564660579,-178.53206143633648
893,9,10.166785598949291,41.583630076166344,-157.46614452842306
894,7,32.33369071160701,160.0211887252805,-166.23294883353628
895,2,40.58509659799542,158.42450130307975,-159.34596703995157
896,7,45.96964592742652,129.27691140049365,-157.95613756773577
897,3,9.250681090730822,162.62619140158804,-198.76725388985318
898,6,0.8494759464566237,50.26046774902675,-163.7675821996272
899,8,8.664560470668963,155.53376943750675,-165.58963814955118
900,1,21.8670099063596,95.81127202377604,-158.51395107682694
901,1,44.781428746039566,23.991349538206187,-198.37267237392192
902,2,22.293546540677138,117.31456871151875,-184.96569267455573
903,4,12.11883291014922,151.98344482457034,-164.67449999014624
904,7,9.605909069427272,21.39159544096454,-163.57037362011488
905,7,10.188409446720852,181.33934424337338,-172.1202364664527
906,2,16.699014421075248,53.54249536107889,-168.1081010563188
907,3,19.44581553901626,39.47579891502446,-171.57688822958784
908,9,49.22635340849801,133.8467605708986,-150.4242525758334
909,7,46.31085004506864,97.9966415225809,-191.64835864609626
910,4,19.82441656424599,8.689815856586192,-165.93739980375113
911,3,5.7930503134079325,60.48180767397808,-159.9053907837428
912,1,48.41911937770459,89.68344193433933,-154.31493504300343
913,8,32.406608255243206,195.94945307017443,-174.30064405001437
914,7,17.85632104021851,105.76844303781603,-196.61403346576026
915,8,13.436655599758007,30.34349162302581,-156.1133015120781
916,6,16.469383984226948,90.1350797494451,-194.3436554318928
917,4,33.60799159596757,96.14745349450385,-199.3638632663688
918,9,34.22572242223762,132.78604943477825,-179.87827958340728
919,7,27.70699939607983,18.085326072307375,-197.45500479631568
920,0,25.927002587299462,171.50931862524408,-160.47229872231804
921,7,42.58229146165452,62.46937205425367,-188.06500197042425
922,5,28.262786891971174,27.908231458360746,-163.72864235008092
923,5,13.542129274817299,147.4305994377877,-165.20045042055605
924,4,34.9082481494655,81.49115018983981,-189.59678409409918
925,0,28.209788132563656,18.793656280672046,-185.7931442037475
926,3,33.19123215380383,193.0748049971045,-189.86990919722393
927,4,43.266351612278356,34.25917743343434,-176.4041276806903
928,9,27.140935663943484,83.355243019918,-178.84953405034892
929,2,41.2661703627765,113.13145852990533,-162.23486609307457
930,0,39.23335465670422,170.55914361830094,-188.80125291122033
931,6,37.94058547118166,166.43925149502297,-199.1197741271669
932,8,19.366212547125045,101.95517075684204,-159.78643131892522
933,7,43.697574085001186,46.91776949760751,-168.10385903758922
934,7,22.155410023903688,117.90299051377447,-179.5779570979101
935,4,38.748678716458095,4.304782471611346,-151.2606771523824
936,4,29.223673769401138,12.66175349093437,-157.5240198968611
937,6,14.257290988642163,101.19783954201584,-165.8035626024422
938,4,11.017893368829029,143.1915923401165,-163.82243791898722
939,4,6.181201252733731,131.78932457314946,-151.93734315945412
940,6,42.95100291586989,59.32738846951977,-159.52732979879752
941,9,37.75317417029014,64.86347791759512,-182.26361245799063
942,9,46.423544589102626,148.14388306178122,-159.25374226125075
943,0,47.27184516855605,100.93580999160187,-159.71785217041213
944,0,16.1485012708131,76.37114444799602,-152.31185431698754
945,3,14.368854836210176,72.31155177522122,-194.12662638792065
946,2,11.5239869537492,44.66386160162337,-166.185830618901
947,6,22.742461078667038,150.29309238138538,-195.253643796359
948,8,31.263872797786924,33.238472290171536,-153.02123889708392
949,3,5.394346401441269,134.1556934356166,-192.92119810954023
950,2,18.51589665015726,177.34716083453154,-162.7469061179833
951,2,32.97010008996209,87.33962338694256,-190.94041299040106
952,0,28.755783093120417,183.1872833067469,-176.38427582472406
953,7,8.434211835940275,156.79003858615062,-195.61056324121523
954,1,44.69334521351914,38.58785233977719,-195.91213867864565
955,4,45.016444593363104,107.60638186468286,-188.48843621640984
956,1,48.51359332323277,55.44569982737606,-183.6282840915266
957,6,31.18988851490357,152.69778509214677,-175.78497505518297
958,3,12.519622277733772,71.61620593554265,-169.30894955640093
959,3,41.691800710680475,188.9132625966037,-177.7564738715537
960,6,40.47614894090826,65.84073674319662,-196.45491296758343
961,6,39.71357831387457,13.564905166364838,-156.91647058625526
962,2,17.05626348714952,76.70521533728107,-167.4102586882634
963,3,24.94698790136144,29.226105950974592,-190.69365886233084
964,0,36.185578953467605,119.38451076687232,-166.38068409493897
965,0,44.244904086038446,172.21116265378745,-163.74733276540488
966,8,0.9341783509136392,135.61326685173714,-165.61707264093428
967,3,28.273120876500446,62.53061304519498,-197.01689962026254
968,5,36.49026612510268,31.661481401442735,-170.25595064668312
969,8,8.497840286995583,146.8994789746076,-186.44824142322335
970,7,30.51734257928397,162.89638133529414,-154.01959646037875
971,4,45.08530212772869,187.57473979893513,-175.4636007412269
972,9,20.579587327788403,192.8998921816103,-193.7503513114514
973,0,17.9512467908362,151.81612701703727,-172.81543011301505
974,2,17.31232633684945,61.17786027667569,-164.3093172920506
975,0,23.916267594145662,0.3779142854001938,-194.03680240463416
976,8,46.56586538990808,166.23822770279918,-150.7667438787563
977,7,39.223857339592136,64.88116309023724,-192.10660259429724
978,9,13.130784527997596,78.40182536423674,-178.96250518257895
979,8,39.223280904841,21.10823500930752,-180.39490168631582
980,2,34.848417724914896,67.37272321689767,-185.12355614400096
981,5,42.60149760234675,134.0549954680179,-194.8904961241845
982,5,20.164295356693774,146.290423617996,-182.87470379726764
983,6,38.608428525822575,190.09046770773682,-184.1351307514561
984,0,47.78705952079137,79.03967244245082,-186.11217971989493
985,8,35.94806083495471,115.17980116369073,-182.46031201930094
986,6,49.88074622292235,141.6766813214998,-197.67845171293388
987,5,41.47745604082675,16.343578703922844,-158.17219247562127
988,5,27.272012836963654,60.59131818702612,-186.36571462599488
989,4,18.20909924898802,37.56256551998172,-172.71821974533034
990,4,1.1671374592344241,56.68036798463252,-177.43809445045264
991,8,33.4509522095922,36.62218957607119,-188.55604098709466
992,0,9.668506003734494,132.5884578460129,-152.44098274484017
993,2,30.906502237989375,107.42537132796852,-185.46979666339408
994,6,37.64897877691254,159.1021516677081,-163.32563751797892
995,6,12.293952272379272,193.7423552138717,-150.2831632808121
996,6,0.07861102410835485,72.29880913093798,-155.69342342549172
997,7,15.522580791875972,17.192526018593025,-153.8390373798545
998,3,47.668702289209264,122.34900570111695,-166.65676884846752
999,8,38.2128852700034,145.26878067035688,-159.9214263304267
